t,b,g,r,helper,counter
0.08341666666666667,0,0,0,"0,0,0",1
0.16683333333333333,0,0,0,"0,0,0",2
0.25025,0,0,0,"0,0,0",3
0.33366666666666667,0,0,0,"0,0,0",4
0.4170833333333333,0,0,0,"0,0,0",5
0.5005,0,0,0,"0,0,0",6
0.5839166666666666,0,0,0,"0,0,0",7
0.6673333333333333,0,0,0,"0,0,0",8
0.7507499999999999,0,0,0,"0,0,0",9
0.8341666666666666,0,0,0,"0,0,0",10
0.9175833333333333,0,0,0,"0,0,0",11
1.001,0,0,0,"0,0,0",12
1.0844166666666666,0,0,0,"0,0,0",13
1.1678333333333333,0,0,0,"0,0,0",14
1.25125,0,0,0,"0,0,0",15
1.3346666666666667,0,0,0,"0,0,0",16
1.4180833333333331,0,0,0,"0,0,0",17
1.5014999999999998,0,0,0,"0,0,0",18
1.5849166666666665,0,0,0,"0,0,0",19
1.6683333333333332,0,0,0,"0,0,0",20
1.75175,0,0,0,"0,0,0",21
1.8351666666666666,0,0,0,"0,0,0",22
1.9185833333333333,0,0,0,"0,0,0",23
2.002,0,0,0,"0,0,0",24
2.0854166666666667,0,0,0,"0,0,0",25
2.168833333333333,0,0,0,"0,0,0",26
2.2522499999999996,0,0,0,"0,0,0",27
2.3356666666666666,0,0,0,"0,0,0",28
2.419083333333333,0,0,0,"0,0,0",29
2.5025,0,0,0,"0,0,0",30
2.5859166666666664,0,0,0,"0,0,0",31
2.6693333333333333,0,0,0,"0,0,0",32
2.75275,0,0,0,"0,0,0",33
2.8361666666666663,0,0,0,"0,0,0",34
2.919583333333333,0,0,0,"0,0,0",35
3.0029999999999997,0,0,0,"0,0,0",36
3.0864166666666666,0,0,0,"0,0,0",37
3.169833333333333,0,0,0,"0,0,0",38
3.25325,0,0,0,"0,0,0",39
3.3366666666666664,0,0,0,"0,0,0",40
3.420083333333333,0,0,0,"0,0,0",41
3.5035,0,0,0,"0,0,0",42
3.5869166666666663,0,0,0,"0,0,0",43
3.6703333333333332,0,0,0,"0,0,0",44
3.7537499999999997,0,0,0,"0,0,0",45
3.8371666666666666,0,0,0,"0,0,0",46
3.920583333333333,0,0,0,"0,0,0",47
4.004,0,0,0,"0,0,0",48
4.087416666666666,0,0,0,"0,0,0",49
4.170833333333333,0,0,0,"0,0,0",50
4.25425,0,0,0,"0,0,0",51
4.337666666666666,0,0,0,"0,0,0",52
4.421083333333333,0,0,0,"0,0,0",53
4.504499999999999,0,0,0,"0,0,0",54
4.587916666666667,0,0,0,"0,0,0",55
4.671333333333333,0,0,0,"0,0,0",56
4.75475,0,0,0,"0,0,0",57
4.838166666666666,0,0,0,"0,0,0",58
4.921583333333333,0,0,0,"0,0,0",59
5.005,0,0,0,"0,0,0",60
5.088416666666666,0,0,0,"0,0,0",61
5.171833333333333,0,0,0,"0,0,0",62
5.255249999999999,0,0,0,"0,0,0",63
5.338666666666667,0,0,0,"0,0,0",64
5.422083333333333,0,0,0,"0,0,0",65
5.5055,0,0,0,"0,0,0",66
5.588916666666666,0,0,0,"0,0,0",67
5.672333333333333,0,0,0,"0,0,0",68
5.75575,0,0,0,"0,0,0",69
5.839166666666666,0,0,0,"0,0,0",70
5.922583333333333,0,0,0,"0,0,0",71
6.005999999999999,0,0,0,"0,0,0",72
6.089416666666666,0,0,0,"0,0,0",73
6.172833333333333,0,0,0,"0,0,0",74
6.25625,0,0,0,"0,0,0",75
6.339666666666666,0,0,0,"0,0,0",76
6.423083333333333,0,0,0,"0,0,0",77
6.5065,0,0,0,"0,0,0",78
6.589916666666666,0,0,0,"0,0,0",79
6.673333333333333,0,0,0,"0,0,0",80
6.756749999999999,0,0,0,"0,0,0",81
6.840166666666666,0,0,0,"0,0,0",82
6.923583333333333,0,0,0,"0,0,0",83
7.007,0,0,0,"0,0,0",84
7.090416666666666,0,0,0,"0,0,0",85
7.173833333333333,0,0,0,"0,0,0",86
7.257249999999999,0,0,0,"0,0,0",87
7.3406666666666665,0,0,0,"0,0,0",88
7.424083333333333,0,0,0,"0,0,0",89
7.507499999999999,0,0,0,"0,0,0",90
7.590916666666666,0,0,0,"0,0,0",91
7.674333333333333,0,0,0,"0,0,0",92
7.75775,0,0,0,"0,0,0",93
7.841166666666666,0,0,0,"0,0,0",94
7.924583333333333,0,0,0,"0,0,0",95
8.008,0,0,0,"0,0,0",96
8.091416666666666,0,0,0,"0,0,0",97
8.174833333333332,0,0,0,"0,0,0",98
8.258249999999999,0,0,0,"0,0,0",99
8.341666666666667,0,0,0,"0,0,0",100
8.425083333333333,0,0,0,"0,0,0",101
8.5085,0,0,0,"0,0,0",102
8.591916666666666,0,0,0,"0,0,0",103
8.675333333333333,0,0,0,"0,0,0",104
8.75875,0,0,0,"0,0,0",105
8.842166666666666,0,0,0,"0,0,0",106
8.925583333333332,0,0,0,"0,0,0",107
9.008999999999999,0,0,0,"0,0,0",108
9.092416666666667,0,0,0,"0,0,0",109
9.175833333333333,0,0,0,"0,0,0",110
9.25925,0,0,0,"0,0,0",111
9.342666666666666,0,0,0,"0,0,0",112
9.426083333333333,0,0,0,"0,0,0",113
9.5095,0,0,0,"0,0,0",114
9.592916666666666,0,0,0,"0,0,0",115
9.676333333333332,0,0,0,"0,0,0",116
9.759749999999999,0,0,0,"0,0,0",117
9.843166666666667,0,0,0,"0,0,0",118
9.926583333333333,0,0,0,"0,0,0",119
10.01,0,0,0,"0,0,0",120
10.093416666666666,102,153,189,"189,153,102",1
10.176833333333333,102,153,189,"189,153,102",2
10.26025,102,153,189,"189,153,102",3
10.343666666666666,102,153,189,"189,153,102",4
10.427083333333332,102,153,189,"189,153,102",5
10.510499999999999,102,153,189,"189,153,102",6
10.593916666666665,102,153,189,"189,153,102",7
10.677333333333333,102,153,189,"189,153,102",8
10.76075,102,153,189,"189,153,102",9
10.844166666666666,102,153,189,"189,153,102",10
10.927583333333333,102,153,189,"189,153,102",11
11.011,102,153,189,"189,153,102",12
11.094416666666666,102,153,189,"189,153,102",13
11.177833333333332,102,153,189,"189,153,102",14
11.261249999999999,102,153,189,"189,153,102",15
11.344666666666665,102,153,189,"189,153,102",16
11.428083333333333,102,153,189,"189,153,102",17
11.5115,102,153,189,"189,153,102",18
11.594916666666666,102,153,189,"189,153,102",19
11.678333333333333,102,153,189,"189,153,102",20
11.76175,102,153,189,"189,153,102",21
11.845166666666666,102,153,189,"189,153,102",22
11.928583333333332,102,153,189,"189,153,102",23
12.011999999999999,102,153,189,"189,153,102",24
12.095416666666665,102,153,189,"189,153,102",25
12.178833333333332,102,153,189,"189,153,102",26
12.26225,102,153,189,"189,153,102",27
12.345666666666666,102,153,189,"189,153,102",28
12.429083333333333,102,153,189,"189,153,102",29
12.5125,102,153,189,"189,153,102",30
12.595916666666666,102,153,189,"189,153,102",31
12.679333333333332,102,153,189,"189,153,102",32
12.762749999999999,102,153,189,"189,153,102",33
12.846166666666665,102,153,189,"189,153,102",34
12.929583333333332,102,153,189,"189,153,102",35
13.013,102,153,189,"189,153,102",36
13.096416666666666,102,153,189,"189,153,102",37
13.179833333333333,102,153,189,"189,153,102",38
13.26325,102,153,189,"189,153,102",39
13.346666666666666,102,153,189,"189,153,102",40
13.430083333333332,102,153,189,"189,153,102",41
13.513499999999999,102,153,189,"189,153,102",42
13.596916666666665,102,153,189,"189,153,102",43
13.680333333333332,102,153,189,"189,153,102",44
13.763749999999998,102,153,189,"189,153,102",45
13.847166666666666,102,153,189,"189,153,102",46
13.930583333333333,102,153,189,"189,153,102",47
14.014,102,153,189,"189,153,102",48
14.097416666666666,102,153,189,"189,153,102",49
14.180833333333332,102,153,189,"189,153,102",50
14.264249999999999,102,153,189,"189,153,102",51
14.347666666666665,102,153,189,"189,153,102",52
14.431083333333332,102,153,189,"189,153,102",53
14.514499999999998,102,153,189,"189,153,102",54
14.597916666666666,102,153,189,"189,153,102",55
14.681333333333333,102,153,189,"189,153,102",56
14.76475,102,153,189,"189,153,102",57
14.848166666666666,102,153,189,"189,153,102",58
14.931583333333332,102,153,189,"189,153,102",59
15.014999999999999,102,153,189,"189,153,102",60
15.098416666666665,102,153,189,"189,153,102",61
15.181833333333332,102,153,189,"189,153,102",62
15.265249999999998,102,153,189,"189,153,102",63
15.348666666666666,102,153,189,"189,153,102",64
15.432083333333333,102,153,189,"189,153,102",65
15.5155,102,153,189,"189,153,102",66
15.598916666666666,102,153,189,"189,153,102",67
15.682333333333332,102,153,189,"189,153,102",68
15.765749999999999,102,153,189,"189,153,102",69
15.849166666666665,102,153,189,"189,153,102",70
15.932583333333332,102,153,189,"189,153,102",71
16.016,102,153,189,"189,153,102",72
16.099416666666666,102,153,189,"189,153,102",73
16.18283333333333,102,153,189,"189,153,102",74
16.26625,102,153,189,"189,153,102",75
16.349666666666664,102,153,189,"189,153,102",76
16.433083333333332,102,153,189,"189,153,102",77
16.516499999999997,102,153,189,"189,153,102",78
16.599916666666665,102,153,189,"189,153,102",79
16.683333333333334,102,153,189,"189,153,102",80
16.76675,102,153,189,"189,153,102",81
16.850166666666667,102,153,189,"189,153,102",82
16.93358333333333,102,153,189,"189,153,102",83
17.017,102,153,189,"189,153,102",84
17.100416666666664,102,153,189,"189,153,102",85
17.183833333333332,102,153,189,"189,153,102",86
17.267249999999997,102,153,189,"189,153,102",87
17.350666666666665,102,153,189,"189,153,102",88
17.434083333333334,102,153,189,"189,153,102",89
17.5175,102,153,189,"189,153,102",90
17.600916666666667,102,153,189,"189,153,102",91
17.68433333333333,102,153,189,"189,153,102",92
17.76775,102,153,189,"189,153,102",93
17.851166666666664,102,153,189,"189,153,102",94
17.934583333333332,102,153,189,"189,153,102",95
18.017999999999997,102,153,189,"189,153,102",96
18.101416666666665,102,153,189,"189,153,102",97
18.184833333333334,102,153,189,"189,153,102",98
18.26825,102,153,189,"189,153,102",99
18.351666666666667,102,153,189,"189,153,102",100
18.43508333333333,102,153,189,"189,153,102",101
18.5185,102,153,189,"189,153,102",102
18.601916666666664,102,153,189,"189,153,102",103
18.685333333333332,102,153,189,"189,153,102",104
18.768749999999997,102,153,189,"189,153,102",105
18.852166666666665,102,153,189,"189,153,102",106
18.935583333333334,102,153,189,"189,153,102",107
19.019,102,153,189,"189,153,102",108
19.102416666666667,102,153,189,"189,153,102",109
19.18583333333333,102,153,189,"189,153,102",110
19.26925,102,153,189,"189,153,102",111
19.352666666666664,102,153,189,"189,153,102",112
19.436083333333332,102,153,189,"189,153,102",113
19.519499999999997,102,153,189,"189,153,102",114
19.602916666666665,102,153,189,"189,153,102",115
19.686333333333334,102,153,189,"189,153,102",116
19.76975,102,153,189,"189,153,102",117
19.853166666666667,102,153,189,"189,153,102",118
19.93658333333333,102,153,189,"189,153,102",119
20.02,102,153,189,"189,153,102",120
20.103416666666664,102,153,189,"189,153,102",121
20.186833333333333,102,153,189,"189,153,102",122
20.270249999999997,102,153,189,"189,153,102",123
20.353666666666665,102,153,189,"189,153,102",124
20.43708333333333,102,153,189,"189,153,102",125
20.5205,102,153,189,"189,153,102",126
20.603916666666667,102,153,189,"189,153,102",127
20.68733333333333,102,153,189,"189,153,102",128
20.77075,102,153,189,"189,153,102",129
20.854166666666664,102,153,189,"189,153,102",130
20.937583333333333,102,153,189,"189,153,102",131
21.020999999999997,102,153,189,"189,153,102",132
21.104416666666665,102,153,189,"189,153,102",133
21.18783333333333,102,153,189,"189,153,102",134
21.27125,102,153,189,"189,153,102",135
21.354666666666667,102,153,189,"189,153,102",136
21.43808333333333,102,153,189,"189,153,102",137
21.5215,102,153,189,"189,153,102",138
21.604916666666664,102,153,189,"189,153,102",139
21.688333333333333,102,153,189,"189,153,102",140
21.771749999999997,102,153,189,"189,153,102",141
21.855166666666666,102,153,189,"189,153,102",142
21.93858333333333,102,153,189,"189,153,102",143
22.022,102,153,189,"189,153,102",144
22.105416666666667,102,153,189,"189,153,102",145
22.18883333333333,102,153,189,"189,153,102",146
22.27225,102,153,189,"189,153,102",147
22.355666666666664,102,153,189,"189,153,102",148
22.439083333333333,102,153,189,"189,153,102",149
22.522499999999997,102,153,189,"189,153,102",150
22.605916666666666,102,153,189,"189,153,102",151
22.68933333333333,66,99,129,"129,99,66",1
22.77275,66,99,129,"129,99,66",2
22.856166666666667,66,99,129,"129,99,66",3
22.93958333333333,66,99,129,"129,99,66",4
23.023,66,99,129,"129,99,66",5
23.106416666666664,66,99,129,"129,99,66",6
23.189833333333333,54,82,115,"115,82,54",1
23.273249999999997,94,139,173,"173,139,94",1
23.356666666666666,94,139,173,"173,139,94",2
23.44008333333333,94,139,173,"173,139,94",3
23.5235,94,139,173,"173,139,94",4
23.606916666666663,95,144,182,"182,144,95",1
23.69033333333333,95,144,182,"182,144,95",2
23.77375,95,144,182,"182,144,95",3
23.857166666666664,95,144,182,"182,144,95",4
23.940583333333333,95,144,182,"182,144,95",5
24.023999999999997,95,144,182,"182,144,95",6
24.107416666666666,94,139,173,"173,139,94",1
24.19083333333333,94,139,173,"173,139,94",2
24.27425,94,139,173,"173,139,94",3
24.357666666666663,94,139,173,"173,139,94",4
24.44108333333333,94,139,173,"173,139,94",5
24.5245,94,139,173,"173,139,94",6
24.607916666666664,95,144,182,"182,144,95",1
24.691333333333333,54,82,115,"115,82,54",1
24.774749999999997,95,144,182,"182,144,95",1
24.858166666666666,54,82,115,"115,82,54",1
24.94158333333333,172,212,210,"210,212,172",1
25.025,172,212,210,"210,212,172",2
25.108416666666663,172,212,210,"210,212,172",3
25.19183333333333,172,212,210,"210,212,172",4
25.27525,172,212,210,"210,212,172",5
25.358666666666664,172,212,210,"210,212,172",6
25.442083333333333,172,212,210,"210,212,172",7
25.525499999999997,172,212,210,"210,212,172",8
25.608916666666666,172,212,210,"210,212,172",9
25.69233333333333,172,212,210,"210,212,172",10
25.77575,172,212,210,"210,212,172",11
25.859166666666663,172,212,210,"210,212,172",12
25.94258333333333,172,212,210,"210,212,172",13
26.026,172,212,210,"210,212,172",14
26.109416666666664,172,212,210,"210,212,172",15
26.192833333333333,172,212,210,"210,212,172",16
26.276249999999997,172,212,210,"210,212,172",17
26.359666666666666,172,212,210,"210,212,172",18
26.44308333333333,172,212,210,"210,212,172",19
26.5265,172,212,210,"210,212,172",20
26.609916666666663,172,212,210,"210,212,172",21
26.69333333333333,172,212,210,"210,212,172",22
26.77675,172,212,210,"210,212,172",23
26.860166666666665,172,212,210,"210,212,172",24
26.943583333333333,172,212,210,"210,212,172",25
27.026999999999997,172,212,210,"210,212,172",26
27.110416666666666,172,212,210,"210,212,172",27
27.19383333333333,172,212,210,"210,212,172",28
27.27725,172,212,210,"210,212,172",29
27.360666666666663,172,212,210,"210,212,172",30
27.44408333333333,172,212,210,"210,212,172",31
27.527499999999996,172,212,210,"210,212,172",32
27.610916666666665,172,212,210,"210,212,172",33
27.694333333333333,172,212,210,"210,212,172",34
27.777749999999997,172,212,210,"210,212,172",35
27.861166666666666,172,212,210,"210,212,172",36
27.94458333333333,172,212,210,"210,212,172",37
28.028,172,212,210,"210,212,172",38
28.111416666666663,172,212,210,"210,212,172",39
28.19483333333333,172,212,210,"210,212,172",40
28.278249999999996,172,212,210,"210,212,172",41
28.361666666666665,139,172,173,"173,172,139",1
28.445083333333333,83,128,164,"164,128,83",1
28.528499999999998,139,172,173,"173,172,139",1
28.611916666666666,83,128,164,"164,128,83",1
28.69533333333333,83,128,164,"164,128,83",2
28.77875,83,128,164,"164,128,83",3
28.862166666666663,83,128,164,"164,128,83",4
28.94558333333333,83,128,164,"164,128,83",5
29.028999999999996,83,128,164,"164,128,83",6
29.112416666666665,83,128,164,"164,128,83",7
29.195833333333333,83,128,164,"164,128,83",8
29.279249999999998,139,172,173,"173,172,139",1
29.362666666666666,83,128,164,"164,128,83",1
29.44608333333333,83,128,164,"164,128,83",2
29.5295,83,128,164,"164,128,83",3
29.612916666666663,83,128,164,"164,128,83",4
29.69633333333333,83,128,164,"164,128,83",5
29.779749999999996,83,128,164,"164,128,83",6
29.863166666666665,83,128,164,"164,128,83",7
29.946583333333333,83,128,164,"164,128,83",8
30.029999999999998,83,128,164,"164,128,83",9
30.113416666666666,83,128,164,"164,128,83",10
30.19683333333333,83,128,164,"164,128,83",11
30.28025,83,128,164,"164,128,83",12
30.363666666666663,83,128,164,"164,128,83",13
30.44708333333333,83,128,164,"164,128,83",14
30.530499999999996,83,128,164,"164,128,83",15
30.613916666666665,83,128,164,"164,128,83",16
30.697333333333333,83,128,164,"164,128,83",17
30.780749999999998,83,128,164,"164,128,83",18
30.864166666666666,83,128,164,"164,128,83",19
30.94758333333333,83,128,164,"164,128,83",20
31.031,83,128,164,"164,128,83",21
31.114416666666664,83,128,164,"164,128,83",22
31.19783333333333,83,128,164,"164,128,83",23
31.281249999999996,83,128,164,"164,128,83",24
31.364666666666665,83,128,164,"164,128,83",25
31.44808333333333,83,128,164,"164,128,83",26
31.531499999999998,83,128,164,"164,128,83",27
31.614916666666666,139,172,173,"173,172,139",1
31.69833333333333,83,128,164,"164,128,83",1
31.78175,83,128,164,"164,128,83",2
31.865166666666664,83,128,164,"164,128,83",3
31.948583333333332,83,128,164,"164,128,83",4
32.032,83,128,164,"164,128,83",5
32.11541666666666,83,128,164,"164,128,83",6
32.19883333333333,94,139,173,"173,139,94",1
32.28225,83,128,164,"164,128,83",1
32.36566666666666,83,128,164,"164,128,83",2
32.449083333333334,83,128,164,"164,128,83",3
32.5325,83,128,164,"164,128,83",4
32.615916666666664,83,128,164,"164,128,83",5
32.69933333333333,83,128,164,"164,128,83",6
32.78275,83,128,164,"164,128,83",7
32.866166666666665,95,144,182,"182,144,95",1
32.94958333333333,95,144,182,"182,144,95",2
33.032999999999994,95,144,182,"182,144,95",3
33.116416666666666,95,144,182,"182,144,95",4
33.19983333333333,95,144,182,"182,144,95",5
33.283249999999995,95,144,182,"182,144,95",6
33.36666666666667,95,144,182,"182,144,95",7
33.45008333333333,95,144,182,"182,144,95",8
33.5335,95,144,182,"182,144,95",9
33.61691666666666,95,144,182,"182,144,95",10
33.70033333333333,95,144,182,"182,144,95",11
33.78375,95,144,182,"182,144,95",12
33.86716666666666,95,144,182,"182,144,95",13
33.950583333333334,95,144,182,"182,144,95",14
34.034,95,144,182,"182,144,95",15
34.117416666666664,95,144,182,"182,144,95",16
34.20083333333333,95,144,182,"182,144,95",17
34.28425,95,144,182,"182,144,95",18
34.367666666666665,95,144,182,"182,144,95",19
34.45108333333333,95,144,182,"182,144,95",20
34.534499999999994,95,144,182,"182,144,95",21
34.617916666666666,95,144,182,"182,144,95",22
34.70133333333333,95,144,182,"182,144,95",23
34.784749999999995,95,144,182,"182,144,95",24
34.86816666666667,95,144,182,"182,144,95",25
34.95158333333333,95,144,182,"182,144,95",26
35.035,95,144,182,"182,144,95",27
35.11841666666666,95,144,182,"182,144,95",28
35.20183333333333,95,144,182,"182,144,95",29
35.28525,95,144,182,"182,144,95",30
35.36866666666666,95,144,182,"182,144,95",31
35.452083333333334,95,144,182,"182,144,95",32
35.5355,95,144,182,"182,144,95",33
35.618916666666664,95,144,182,"182,144,95",34
35.70233333333333,95,144,182,"182,144,95",35
35.78575,95,144,182,"182,144,95",36
35.869166666666665,95,144,182,"182,144,95",37
35.95258333333333,95,144,182,"182,144,95",38
36.035999999999994,95,144,182,"182,144,95",39
36.119416666666666,95,144,182,"182,144,95",40
36.20283333333333,0,0,0,"0,0,0",1
36.286249999999995,0,0,0,"0,0,0",2
36.36966666666667,0,0,0,"0,0,0",3
36.45308333333333,0,0,0,"0,0,0",4
36.5365,0,0,0,"0,0,0",5
36.61991666666666,0,0,0,"0,0,0",6
36.70333333333333,0,0,0,"0,0,0",7
36.78675,0,0,0,"0,0,0",8
36.87016666666666,0,0,0,"0,0,0",9
36.95358333333333,0,0,0,"0,0,0",10
37.037,0,0,0,"0,0,0",11
37.120416666666664,0,0,0,"0,0,0",12
37.20383333333333,0,0,0,"0,0,0",13
37.28725,0,0,0,"0,0,0",14
37.370666666666665,0,0,0,"0,0,0",15
37.45408333333333,0,0,0,"0,0,0",16
37.537499999999994,0,0,0,"0,0,0",17
37.620916666666666,0,0,0,"0,0,0",18
37.70433333333333,0,0,0,"0,0,0",19
37.787749999999996,0,0,0,"0,0,0",20
37.87116666666667,0,0,0,"0,0,0",21
37.95458333333333,0,0,0,"0,0,0",22
38.038,0,0,0,"0,0,0",23
38.12141666666666,0,0,0,"0,0,0",24
38.20483333333333,0,0,0,"0,0,0",25
38.28825,0,0,0,"0,0,0",26
38.37166666666666,0,0,0,"0,0,0",27
38.45508333333333,0,0,0,"0,0,0",28
38.5385,0,0,0,"0,0,0",29
38.621916666666664,0,0,0,"0,0,0",30
38.70533333333333,0,0,0,"0,0,0",31
38.78875,0,0,0,"0,0,0",32
38.872166666666665,0,0,0,"0,0,0",33
38.95558333333333,0,0,0,"0,0,0",34
39.038999999999994,0,0,0,"0,0,0",35
39.122416666666666,13,13,11,"11,13,13",1
39.20583333333333,13,13,11,"11,13,13",2
39.289249999999996,13,13,11,"11,13,13",3
39.37266666666667,13,13,11,"11,13,13",4
39.45608333333333,21,24,30,"30,24,21",1
39.5395,21,24,30,"30,24,21",2
39.62291666666666,21,24,30,"30,24,21",3
39.70633333333333,27,38,47,"47,38,27",1
39.78975,27,38,47,"47,38,27",2
39.87316666666666,27,38,47,"47,38,27",3
39.95658333333333,27,38,47,"47,38,27",4
40.04,27,38,47,"47,38,27",5
40.123416666666664,45,59,62,"62,59,45",1
40.20683333333333,45,59,62,"62,59,45",2
40.29025,45,59,62,"62,59,45",3
40.373666666666665,44,66,85,"85,66,44",1
40.45708333333333,44,66,85,"85,66,44",2
40.540499999999994,44,66,85,"85,66,44",3
40.623916666666666,44,66,85,"85,66,44",4
40.70733333333333,44,66,85,"85,66,44",5
40.790749999999996,54,82,115,"115,82,54",1
40.87416666666666,54,82,115,"115,82,54",2
40.95758333333333,54,82,115,"115,82,54",3
41.041,54,82,115,"115,82,54",4
41.12441666666666,66,99,129,"129,99,66",1
41.20783333333333,66,99,129,"129,99,66",2
41.29125,66,99,129,"129,99,66",3
41.37466666666666,66,99,129,"129,99,66",4
41.45808333333333,66,99,129,"129,99,66",5
41.5415,83,128,164,"164,128,83",1
41.624916666666664,83,128,164,"164,128,83",2
41.70833333333333,83,128,164,"164,128,83",3
41.79175,83,128,164,"164,128,83",4
41.875166666666665,83,128,164,"164,128,83",5
41.95858333333333,83,128,164,"164,128,83",6
42.041999999999994,83,128,164,"164,128,83",7
42.125416666666666,94,139,173,"173,139,94",1
42.20883333333333,94,139,173,"173,139,94",2
42.292249999999996,95,144,182,"182,144,95",1
42.37566666666666,102,153,189,"189,153,102",1
42.45908333333333,102,153,189,"189,153,102",2
42.5425,102,153,189,"189,153,102",3
42.62591666666666,112,173,209,"209,173,112",1
42.70933333333333,104,160,199,"199,160,104",1
42.79275,112,173,209,"209,173,112",1
42.87616666666666,104,160,199,"199,160,104",1
42.95958333333333,112,173,209,"209,173,112",1
43.043,112,173,209,"209,173,112",2
43.126416666666664,112,173,209,"209,173,112",3
43.20983333333333,112,173,209,"209,173,112",4
43.29325,112,173,209,"209,173,112",5
43.376666666666665,112,173,209,"209,173,112",6
43.46008333333333,112,173,209,"209,173,112",7
43.543499999999995,112,173,209,"209,173,112",8
43.626916666666666,112,173,209,"209,173,112",9
43.71033333333333,112,173,209,"209,173,112",10
43.793749999999996,112,173,209,"209,173,112",11
43.87716666666666,112,173,209,"209,173,112",12
43.96058333333333,112,173,209,"209,173,112",13
44.044,112,173,209,"209,173,112",14
44.12741666666666,112,173,209,"209,173,112",15
44.21083333333333,112,173,209,"209,173,112",16
44.29425,112,173,209,"209,173,112",17
44.37766666666666,112,173,209,"209,173,112",18
44.46108333333333,112,173,209,"209,173,112",19
44.5445,112,173,209,"209,173,112",20
44.627916666666664,112,173,209,"209,173,112",21
44.71133333333333,112,173,209,"209,173,112",22
44.79474999999999,112,173,209,"209,173,112",23
44.878166666666665,112,173,209,"209,173,112",24
44.96158333333333,112,173,209,"209,173,112",25
45.044999999999995,112,173,209,"209,173,112",26
45.128416666666666,112,173,209,"209,173,112",27
45.21183333333333,112,173,209,"209,173,112",28
45.295249999999996,112,173,209,"209,173,112",29
45.37866666666666,112,173,209,"209,173,112",30
45.46208333333333,112,173,209,"209,173,112",31
45.5455,112,173,209,"209,173,112",32
45.62891666666666,112,173,209,"209,173,112",33
45.71233333333333,112,173,209,"209,173,112",34
45.79575,112,173,209,"209,173,112",35
45.87916666666666,112,173,209,"209,173,112",36
45.96258333333333,104,160,199,"199,160,104",1
46.046,104,160,199,"199,160,104",2
46.129416666666664,104,160,199,"199,160,104",3
46.21283333333333,104,160,199,"199,160,104",4
46.29624999999999,104,160,199,"199,160,104",5
46.379666666666665,104,160,199,"199,160,104",6
46.46308333333333,104,160,199,"199,160,104",7
46.546499999999995,104,160,199,"199,160,104",8
46.62991666666667,104,160,199,"199,160,104",9
46.71333333333333,104,160,199,"199,160,104",10
46.796749999999996,104,160,199,"199,160,104",11
46.88016666666666,104,160,199,"199,160,104",12
46.96358333333333,104,160,199,"199,160,104",13
47.047,104,160,199,"199,160,104",14
47.13041666666666,104,160,199,"199,160,104",15
47.213833333333326,104,160,199,"199,160,104",16
47.29725,104,160,199,"199,160,104",17
47.38066666666666,104,160,199,"199,160,104",18
47.46408333333333,104,160,199,"199,160,104",19
47.5475,104,160,199,"199,160,104",20
47.630916666666664,104,160,199,"199,160,104",21
47.71433333333333,104,160,199,"199,160,104",22
47.79774999999999,104,160,199,"199,160,104",23
47.881166666666665,104,160,199,"199,160,104",24
47.96458333333333,104,160,199,"199,160,104",25
48.047999999999995,104,160,199,"199,160,104",26
48.13141666666667,104,160,199,"199,160,104",27
48.21483333333333,104,160,199,"199,160,104",28
48.298249999999996,104,160,199,"199,160,104",29
48.38166666666666,104,160,199,"199,160,104",30
48.46508333333333,104,160,199,"199,160,104",31
48.5485,104,160,199,"199,160,104",32
48.63191666666666,104,160,199,"199,160,104",33
48.71533333333333,104,160,199,"199,160,104",34
48.79875,104,160,199,"199,160,104",35
48.88216666666666,104,160,199,"199,160,104",36
48.96558333333333,104,160,199,"199,160,104",37
49.049,104,160,199,"199,160,104",38
49.132416666666664,104,160,199,"199,160,104",39
49.21583333333333,104,160,199,"199,160,104",40
49.299249999999994,104,160,199,"199,160,104",41
49.382666666666665,104,160,199,"199,160,104",42
49.46608333333333,104,160,199,"199,160,104",43
49.549499999999995,104,160,199,"199,160,104",44
49.63291666666667,104,160,199,"199,160,104",45
49.71633333333333,104,160,199,"199,160,104",46
49.799749999999996,104,160,199,"199,160,104",47
49.88316666666666,104,160,199,"199,160,104",48
49.96658333333333,102,153,189,"189,153,102",1
50.05,102,153,189,"189,153,102",2
50.13341666666666,102,153,189,"189,153,102",3
50.21683333333333,102,153,189,"189,153,102",4
50.30025,102,153,189,"189,153,102",5
50.38366666666666,102,153,189,"189,153,102",6
50.46708333333333,102,153,189,"189,153,102",7
50.5505,102,153,189,"189,153,102",8
50.633916666666664,102,153,189,"189,153,102",9
50.71733333333333,102,153,189,"189,153,102",10
50.800749999999994,102,153,189,"189,153,102",11
50.884166666666665,102,153,189,"189,153,102",12
50.96758333333333,102,153,189,"189,153,102",13
51.050999999999995,102,153,189,"189,153,102",14
51.13441666666666,102,153,189,"189,153,102",15
51.21783333333333,102,153,189,"189,153,102",16
51.301249999999996,102,153,189,"189,153,102",17
51.38466666666666,102,153,189,"189,153,102",18
51.46808333333333,102,153,189,"189,153,102",19
51.5515,102,153,189,"189,153,102",20
51.63491666666666,95,144,182,"182,144,95",1
51.71833333333333,95,144,182,"182,144,95",2
51.80175,95,144,182,"182,144,95",3
51.88516666666666,95,144,182,"182,144,95",4
51.96858333333333,95,144,182,"182,144,95",5
52.052,95,144,182,"182,144,95",6
52.135416666666664,95,144,182,"182,144,95",7
52.21883333333333,95,144,182,"182,144,95",8
52.302249999999994,95,144,182,"182,144,95",9
52.385666666666665,95,144,182,"182,144,95",10
52.46908333333333,95,144,182,"182,144,95",11
52.552499999999995,95,144,182,"182,144,95",12
52.63591666666666,95,144,182,"182,144,95",13
52.71933333333333,95,144,182,"182,144,95",14
52.802749999999996,95,144,182,"182,144,95",15
52.88616666666666,95,144,182,"182,144,95",16
52.96958333333333,95,144,182,"182,144,95",17
53.053,95,144,182,"182,144,95",18
53.13641666666666,95,144,182,"182,144,95",19
53.21983333333333,95,144,182,"182,144,95",20
53.30325,95,144,182,"182,144,95",21
53.38666666666666,94,139,173,"173,139,94",1
53.47008333333333,83,128,164,"164,128,83",1
53.5535,94,139,173,"173,139,94",1
53.636916666666664,83,128,164,"164,128,83",1
53.72033333333333,83,128,164,"164,128,83",2
53.803749999999994,66,99,129,"129,99,66",1
53.887166666666666,83,128,164,"164,128,83",1
53.97058333333333,83,128,164,"164,128,83",2
54.053999999999995,83,128,164,"164,128,83",3
54.13741666666666,83,128,164,"164,128,83",4
54.22083333333333,66,99,129,"129,99,66",1
54.304249999999996,83,128,164,"164,128,83",1
54.38766666666666,83,128,164,"164,128,83",2
54.47108333333333,83,128,164,"164,128,83",3
54.5545,83,128,164,"164,128,83",4
54.63791666666666,83,128,164,"164,128,83",5
54.72133333333333,139,172,173,"173,172,139",1
54.80475,139,172,173,"173,172,139",2
54.88816666666666,139,172,173,"173,172,139",3
54.97158333333333,139,172,173,"173,172,139",4
55.05499999999999,190,223,206,"206,223,190",1
55.138416666666664,190,223,206,"206,223,190",2
55.22183333333333,190,223,206,"206,223,190",3
55.305249999999994,190,223,206,"206,223,190",4
55.388666666666666,190,223,206,"206,223,190",5
55.47208333333333,190,223,206,"206,223,190",6
55.555499999999995,190,223,206,"206,223,190",7
55.63891666666666,190,223,206,"206,223,190",8
55.72233333333333,190,223,206,"206,223,190",9
55.805749999999996,190,223,206,"206,223,190",10
55.88916666666666,94,139,173,"173,139,94",1
55.97258333333333,94,139,173,"173,139,94",2
56.056,94,139,173,"173,139,94",3
56.13941666666666,94,139,173,"173,139,94",4
56.22283333333333,94,139,173,"173,139,94",5
56.30625,94,139,173,"173,139,94",6
56.38966666666666,94,139,173,"173,139,94",7
56.47308333333333,94,139,173,"173,139,94",8
56.55649999999999,94,139,173,"173,139,94",9
56.639916666666664,94,139,173,"173,139,94",10
56.72333333333333,94,139,173,"173,139,94",11
56.806749999999994,94,139,173,"173,139,94",12
56.890166666666666,94,139,173,"173,139,94",13
56.97358333333333,94,139,173,"173,139,94",14
57.056999999999995,13,13,11,"11,13,13",1
57.14041666666666,13,13,11,"11,13,13",2
57.22383333333333,13,13,11,"11,13,13",3
57.307249999999996,13,13,11,"11,13,13",4
57.39066666666666,13,13,11,"11,13,13",5
57.47408333333333,13,13,11,"11,13,13",6
57.5575,13,13,11,"11,13,13",7
57.64091666666666,13,13,11,"11,13,13",8
57.72433333333333,13,13,11,"11,13,13",9
57.80775,13,13,11,"11,13,13",10
57.89116666666666,13,13,11,"11,13,13",11
57.97458333333333,13,13,11,"11,13,13",12
58.05799999999999,13,13,11,"11,13,13",13
58.141416666666665,13,13,11,"11,13,13",14
58.22483333333333,13,13,11,"11,13,13",15
58.308249999999994,13,13,11,"11,13,13",16
58.391666666666666,13,13,11,"11,13,13",17
58.47508333333333,13,13,11,"11,13,13",18
58.558499999999995,13,13,11,"11,13,13",19
58.64191666666666,95,144,182,"182,144,95",1
58.72533333333333,95,144,182,"182,144,95",2
58.808749999999996,95,144,182,"182,144,95",3
58.89216666666666,102,153,189,"189,153,102",1
58.975583333333326,102,153,189,"189,153,102",2
59.059,102,153,189,"189,153,102",3
59.14241666666666,102,153,189,"189,153,102",4
59.22583333333333,102,153,189,"189,153,102",5
59.30925,102,153,189,"189,153,102",6
59.39266666666666,95,144,182,"182,144,95",1
59.47608333333333,102,153,189,"189,153,102",1
59.55949999999999,102,153,189,"189,153,102",2
59.642916666666665,102,153,189,"189,153,102",3
59.72633333333333,102,153,189,"189,153,102",4
59.809749999999994,102,153,189,"189,153,102",5
59.893166666666666,102,153,189,"189,153,102",6
59.97658333333333,102,153,189,"189,153,102",7
60.059999999999995,102,153,189,"189,153,102",8
60.14341666666666,102,153,189,"189,153,102",9
60.22683333333333,102,153,189,"189,153,102",10
60.310249999999996,102,153,189,"189,153,102",11
60.39366666666666,102,153,189,"189,153,102",12
60.477083333333326,95,144,182,"182,144,95",1
60.5605,95,144,182,"182,144,95",2
60.64391666666666,95,144,182,"182,144,95",3
60.72733333333333,95,144,182,"182,144,95",4
60.81075,95,144,182,"182,144,95",5
60.89416666666666,95,144,182,"182,144,95",6
60.97758333333333,95,144,182,"182,144,95",7
61.06099999999999,94,139,173,"173,139,94",1
61.144416666666665,94,139,173,"173,139,94",2
61.22783333333333,94,139,173,"173,139,94",3
61.311249999999994,94,139,173,"173,139,94",4
61.394666666666666,94,139,173,"173,139,94",5
61.47808333333333,172,212,210,"210,212,172",1
61.561499999999995,172,212,210,"210,212,172",2
61.64491666666666,172,212,210,"210,212,172",3
61.72833333333333,172,212,210,"210,212,172",4
61.811749999999996,172,212,210,"210,212,172",5
61.89516666666666,172,212,210,"210,212,172",6
61.978583333333326,172,212,210,"210,212,172",7
62.062,172,212,210,"210,212,172",8
62.14541666666666,172,212,210,"210,212,172",9
62.22883333333333,172,212,210,"210,212,172",10
62.31225,172,212,210,"210,212,172",11
62.39566666666666,172,212,210,"210,212,172",12
62.47908333333333,172,212,210,"210,212,172",13
62.56249999999999,172,212,210,"210,212,172",14
62.645916666666665,172,212,210,"210,212,172",15
62.72933333333333,172,212,210,"210,212,172",16
62.812749999999994,172,212,210,"210,212,172",17
62.89616666666666,172,212,210,"210,212,172",18
62.97958333333333,172,212,210,"210,212,172",19
63.062999999999995,172,212,210,"210,212,172",20
63.14641666666666,172,212,210,"210,212,172",21
63.22983333333333,172,212,210,"210,212,172",22
63.31325,172,212,210,"210,212,172",23
63.39666666666666,172,212,210,"210,212,172",24
63.480083333333326,172,212,210,"210,212,172",25
63.5635,172,212,210,"210,212,172",26
63.64691666666666,172,212,210,"210,212,172",27
63.73033333333333,172,212,210,"210,212,172",28
63.81375,172,212,210,"210,212,172",29
63.897166666666664,172,212,210,"210,212,172",30
63.98058333333333,172,212,210,"210,212,172",31
64.064,172,212,210,"210,212,172",32
64.14741666666666,172,212,210,"210,212,172",33
64.23083333333332,172,212,210,"210,212,172",34
64.31425,172,212,210,"210,212,172",35
64.39766666666667,172,212,210,"210,212,172",36
64.48108333333333,172,212,210,"210,212,172",37
64.5645,172,212,210,"210,212,172",38
64.64791666666666,172,212,210,"210,212,172",39
64.73133333333332,172,212,210,"210,212,172",40
64.81474999999999,172,212,210,"210,212,172",41
64.89816666666667,172,212,210,"210,212,172",42
64.98158333333333,172,212,210,"210,212,172",43
65.065,172,212,210,"210,212,172",44
65.14841666666666,172,212,210,"210,212,172",45
65.23183333333333,139,172,173,"173,172,139",1
65.31524999999999,139,172,173,"173,172,139",2
65.39866666666666,139,172,173,"173,172,139",3
65.48208333333334,139,172,173,"173,172,139",4
65.5655,172,212,210,"210,212,172",1
65.64891666666666,172,212,210,"210,212,172",2
65.73233333333333,172,212,210,"210,212,172",3
65.81575,172,212,210,"210,212,172",4
65.89916666666666,172,212,210,"210,212,172",5
65.98258333333332,185,234,235,"235,234,185",1
66.06599999999999,185,234,235,"235,234,185",2
66.14941666666667,185,234,235,"235,234,185",3
66.23283333333333,185,234,235,"235,234,185",4
66.31625,185,234,235,"235,234,185",5
66.39966666666666,185,234,235,"235,234,185",6
66.48308333333333,185,234,235,"235,234,185",7
66.56649999999999,185,234,235,"235,234,185",8
66.64991666666666,185,234,235,"235,234,185",9
66.73333333333333,185,234,235,"235,234,185",10
66.81675,185,234,235,"235,234,185",11
66.90016666666666,45,59,62,"62,59,45",1
66.98358333333333,190,223,206,"206,223,190",1
67.067,190,223,206,"206,223,190",2
67.15041666666666,190,223,206,"206,223,190",3
67.23383333333332,190,223,206,"206,223,190",4
67.31725,190,223,206,"206,223,190",5
67.40066666666667,190,223,206,"206,223,190",6
67.48408333333333,190,223,206,"206,223,190",7
67.5675,190,223,206,"206,223,190",8
67.65091666666666,190,223,206,"206,223,190",9
67.73433333333332,190,223,206,"206,223,190",10
67.81774999999999,190,223,206,"206,223,190",11
67.90116666666667,190,223,206,"206,223,190",12
67.98458333333333,190,223,206,"206,223,190",13
68.068,190,223,206,"206,223,190",14
68.15141666666666,190,223,206,"206,223,190",15
68.23483333333333,190,223,206,"206,223,190",16
68.31824999999999,190,223,206,"206,223,190",17
68.40166666666666,190,223,206,"206,223,190",18
68.48508333333334,190,223,206,"206,223,190",19
68.5685,190,223,206,"206,223,190",20
68.65191666666666,180,199,156,"156,199,180",1
68.73533333333333,138,153,123,"123,153,138",1
68.81875,94,104,85,"85,104,94",1
68.90216666666666,45,59,62,"62,59,45",1
68.98558333333332,21,24,30,"30,24,21",1
69.06899999999999,0,0,0,"0,0,0",1
69.15241666666667,0,0,0,"0,0,0",2
69.23583333333333,0,0,0,"0,0,0",3
69.31925,0,0,0,"0,0,0",4
69.40266666666666,0,0,0,"0,0,0",5
69.48608333333333,0,0,0,"0,0,0",6
69.56949999999999,0,0,0,"0,0,0",7
69.65291666666666,0,0,0,"0,0,0",8
69.73633333333333,0,0,0,"0,0,0",9
69.81975,0,0,0,"0,0,0",10
69.90316666666666,0,0,0,"0,0,0",11
69.98658333333333,0,0,0,"0,0,0",12
70.07,0,0,0,"0,0,0",13
70.15341666666666,0,0,0,"0,0,0",14
70.23683333333332,0,0,0,"0,0,0",15
70.32025,0,0,0,"0,0,0",16
70.40366666666667,0,0,0,"0,0,0",17
70.48708333333333,0,0,0,"0,0,0",18
70.5705,0,0,0,"0,0,0",19
70.65391666666666,13,13,11,"11,13,13",1
70.73733333333332,40,26,13,"13,26,40",1
70.82074999999999,40,26,13,"13,26,40",2
70.90416666666667,60,43,9,"9,43,60",1
70.98758333333333,60,43,9,"9,43,60",2
71.071,60,43,9,"9,43,60",3
71.15441666666666,60,43,9,"9,43,60",4
71.23783333333333,60,43,9,"9,43,60",5
71.32124999999999,40,26,13,"13,26,40",1
71.40466666666666,40,26,13,"13,26,40",2
71.48808333333332,13,13,11,"11,13,13",1
71.5715,40,26,13,"13,26,40",1
71.65491666666667,60,43,9,"9,43,60",1
71.73833333333333,40,26,13,"13,26,40",1
71.82175,40,26,13,"13,26,40",2
71.90516666666666,60,43,9,"9,43,60",1
71.98858333333332,60,43,9,"9,43,60",2
72.07199999999999,60,43,9,"9,43,60",3
72.15541666666667,60,43,9,"9,43,60",4
72.23883333333333,60,43,9,"9,43,60",5
72.32225,60,43,9,"9,43,60",6
72.40566666666666,60,43,9,"9,43,60",7
72.48908333333333,60,43,9,"9,43,60",8
72.57249999999999,60,43,9,"9,43,60",9
72.65591666666666,60,43,9,"9,43,60",10
72.73933333333333,13,13,11,"11,13,13",1
72.82275,13,13,11,"11,13,13",2
72.90616666666666,95,45,7,"7,45,95",1
72.98958333333333,95,45,7,"7,45,95",2
73.073,13,13,11,"11,13,13",1
73.15641666666666,13,13,11,"11,13,13",2
73.23983333333332,60,43,9,"9,43,60",1
73.32325,60,43,9,"9,43,60",2
73.40666666666667,60,43,9,"9,43,60",3
73.49008333333333,60,43,9,"9,43,60",4
73.5735,60,43,9,"9,43,60",5
73.65691666666666,60,43,9,"9,43,60",6
73.74033333333333,60,43,9,"9,43,60",7
73.82374999999999,60,43,9,"9,43,60",8
73.90716666666665,60,43,9,"9,43,60",9
73.99058333333333,60,43,9,"9,43,60",10
74.074,60,43,9,"9,43,60",11
74.15741666666666,60,43,9,"9,43,60",12
74.24083333333333,60,43,9,"9,43,60",13
74.32424999999999,60,43,9,"9,43,60",14
74.40766666666666,60,43,9,"9,43,60",15
74.49108333333332,60,43,9,"9,43,60",16
74.5745,60,43,9,"9,43,60",17
74.65791666666667,60,43,9,"9,43,60",18
74.74133333333333,60,43,9,"9,43,60",19
74.82475,40,26,13,"13,26,40",1
74.90816666666666,13,13,11,"11,13,13",1
74.99158333333332,0,0,0,"0,0,0",1
75.07499999999999,0,0,0,"0,0,0",2
75.15841666666667,25,23,89,"89,23,25",1
75.24183333333333,25,23,89,"89,23,25",2
75.32525,25,23,89,"89,23,25",3
75.40866666666666,25,23,89,"89,23,25",4
75.49208333333333,31,31,106,"106,31,31",1
75.57549999999999,31,31,106,"106,31,31",2
75.65891666666666,21,24,30,"30,24,21",1
75.74233333333333,31,31,106,"106,31,31",1
75.82575,20,17,56,"56,17,20",1
75.90916666666666,31,31,106,"106,31,31",1
75.99258333333333,20,17,56,"56,17,20",1
76.076,20,17,56,"56,17,20",2
76.15941666666666,20,17,56,"56,17,20",3
76.24283333333332,20,17,56,"56,17,20",4
76.32624999999999,25,23,89,"89,23,25",1
76.40966666666667,25,23,89,"89,23,25",2
76.49308333333333,25,23,89,"89,23,25",3
76.5765,31,31,106,"106,31,31",1
76.65991666666666,31,31,106,"106,31,31",2
76.74333333333333,31,31,106,"106,31,31",3
76.82674999999999,20,17,56,"56,17,20",1
76.91016666666665,20,17,56,"56,17,20",2
76.99358333333333,20,17,56,"56,17,20",3
77.077,20,17,56,"56,17,20",4
77.16041666666666,20,17,56,"56,17,20",5
77.24383333333333,31,31,106,"106,31,31",1
77.32724999999999,31,31,106,"106,31,31",2
77.41066666666666,21,24,30,"30,24,21",1
77.49408333333332,20,17,56,"56,17,20",1
77.5775,21,24,30,"30,24,21",1
77.66091666666667,13,13,11,"11,13,13",1
77.74433333333333,13,13,11,"11,13,13",2
77.82775,13,13,11,"11,13,13",3
77.91116666666666,13,13,11,"11,13,13",4
77.99458333333332,13,13,11,"11,13,13",5
78.07799999999999,13,13,11,"11,13,13",6
78.16141666666667,13,13,11,"11,13,13",7
78.24483333333333,13,13,11,"11,13,13",8
78.32825,0,0,0,"0,0,0",1
78.41166666666666,0,0,0,"0,0,0",2
78.49508333333333,0,0,0,"0,0,0",3
78.57849999999999,0,0,0,"0,0,0",4
78.66191666666666,0,0,0,"0,0,0",5
78.74533333333333,0,0,0,"0,0,0",6
78.82875,0,0,0,"0,0,0",7
78.91216666666666,13,13,11,"11,13,13",1
78.99558333333333,13,13,11,"11,13,13",2
79.079,13,13,11,"11,13,13",3
79.16241666666666,21,24,30,"30,24,21",1
79.24583333333332,21,24,30,"30,24,21",2
79.32924999999999,44,66,85,"85,66,44",1
79.41266666666667,44,66,85,"85,66,44",2
79.49608333333333,54,82,115,"115,82,54",1
79.5795,54,82,115,"115,82,54",2
79.66291666666666,54,82,115,"115,82,54",3
79.74633333333333,54,82,115,"115,82,54",4
79.82974999999999,54,82,115,"115,82,54",5
79.91316666666665,54,82,115,"115,82,54",6
79.99658333333333,54,82,115,"115,82,54",7
80.08,54,82,115,"115,82,54",8
80.16341666666666,54,82,115,"115,82,54",9
80.24683333333333,54,82,115,"115,82,54",10
80.33024999999999,54,82,115,"115,82,54",11
80.41366666666666,54,82,115,"115,82,54",12
80.49708333333332,27,38,47,"47,38,27",1
80.5805,27,38,47,"47,38,27",2
80.66391666666667,27,38,47,"47,38,27",3
80.74733333333333,13,13,11,"11,13,13",1
80.83075,13,13,11,"11,13,13",2
80.91416666666666,13,13,11,"11,13,13",3
80.99758333333332,13,13,11,"11,13,13",4
81.08099999999999,13,13,11,"11,13,13",5
81.16441666666667,13,13,11,"11,13,13",6
81.24783333333333,13,13,11,"11,13,13",7
81.33125,13,13,11,"11,13,13",8
81.41466666666666,13,13,11,"11,13,13",9
81.49808333333333,0,0,0,"0,0,0",1
81.58149999999999,0,0,0,"0,0,0",2
81.66491666666666,40,26,13,"13,26,40",1
81.74833333333332,40,26,13,"13,26,40",2
81.83175,40,26,13,"13,26,40",3
81.91516666666666,40,26,13,"13,26,40",4
81.99858333333333,40,26,13,"13,26,40",5
82.082,40,26,13,"13,26,40",6
82.16541666666666,40,26,13,"13,26,40",7
82.24883333333332,40,26,13,"13,26,40",8
82.33224999999999,95,45,7,"7,45,95",1
82.41566666666667,208,195,69,"69,195,208",1
82.49908333333333,132,67,11,"11,67,132",1
82.5825,40,26,13,"13,26,40",1
82.66591666666666,60,43,9,"9,43,60",1
82.74933333333333,60,43,9,"9,43,60",2
82.83274999999999,95,45,7,"7,45,95",1
82.91616666666665,40,26,13,"13,26,40",1
82.99958333333333,40,26,13,"13,26,40",2
83.083,40,26,13,"13,26,40",3
83.16641666666666,40,26,13,"13,26,40",4
83.24983333333333,40,26,13,"13,26,40",5
83.33324999999999,40,26,13,"13,26,40",6
83.41666666666666,40,26,13,"13,26,40",7
83.50008333333332,40,26,13,"13,26,40",8
83.5835,40,26,13,"13,26,40",9
83.66691666666667,40,26,13,"13,26,40",10
83.75033333333333,40,26,13,"13,26,40",11
83.83375,40,26,13,"13,26,40",12
83.91716666666666,40,26,13,"13,26,40",13
84.00058333333332,40,26,13,"13,26,40",14
84.08399999999999,95,45,7,"7,45,95",1
84.16741666666665,132,67,11,"11,67,132",1
84.25083333333333,132,67,11,"11,67,132",2
84.33425,95,45,7,"7,45,95",1
84.41766666666666,132,67,11,"11,67,132",1
84.50108333333333,95,45,7,"7,45,95",1
84.58449999999999,95,45,7,"7,45,95",2
84.66791666666666,132,67,11,"11,67,132",1
84.75133333333332,132,67,11,"11,67,132",2
84.83475,95,45,7,"7,45,95",1
84.91816666666666,132,67,11,"11,67,132",1
85.00158333333333,60,43,9,"9,43,60",1
85.085,40,26,13,"13,26,40",1
85.16841666666666,40,26,13,"13,26,40",2
85.25183333333332,40,26,13,"13,26,40",3
85.33524999999999,194,213,164,"164,213,194",1
85.41866666666667,194,213,164,"164,213,194",2
85.50208333333333,217,241,208,"208,241,217",1
85.5855,217,241,208,"208,241,217",2
85.66891666666666,217,241,208,"208,241,217",3
85.75233333333333,217,241,208,"208,241,217",4
85.83574999999999,217,241,208,"208,241,217",5
85.91916666666665,0,0,0,"0,0,0",1
86.00258333333333,0,0,0,"0,0,0",2
86.086,0,0,0,"0,0,0",3
86.16941666666666,0,0,0,"0,0,0",4
86.25283333333333,0,0,0,"0,0,0",5
86.33624999999999,0,0,0,"0,0,0",6
86.41966666666666,0,0,0,"0,0,0",7
86.50308333333332,0,0,0,"0,0,0",8
86.5865,0,0,0,"0,0,0",9
86.66991666666667,0,0,0,"0,0,0",10
86.75333333333333,0,0,0,"0,0,0",11
86.83675,0,0,0,"0,0,0",12
86.92016666666666,0,0,0,"0,0,0",13
87.00358333333332,0,0,0,"0,0,0",14
87.08699999999999,0,0,0,"0,0,0",15
87.17041666666665,0,0,0,"0,0,0",16
87.25383333333333,0,0,0,"0,0,0",17
87.33725,0,0,0,"0,0,0",18
87.42066666666666,0,0,0,"0,0,0",19
87.50408333333333,0,0,0,"0,0,0",20
87.58749999999999,0,0,0,"0,0,0",21
87.67091666666666,0,0,0,"0,0,0",22
87.75433333333332,0,0,0,"0,0,0",23
87.83775,0,0,0,"0,0,0",24
87.92116666666666,95,144,182,"182,144,95",1
88.00458333333333,95,144,182,"182,144,95",2
88.088,95,144,182,"182,144,95",3
88.17141666666666,95,144,182,"182,144,95",4
88.25483333333332,95,144,182,"182,144,95",5
88.33824999999999,95,144,182,"182,144,95",6
88.42166666666667,95,144,182,"182,144,95",7
88.50508333333333,95,144,182,"182,144,95",8
88.5885,95,144,182,"182,144,95",9
88.67191666666666,95,144,182,"182,144,95",10
88.75533333333333,95,144,182,"182,144,95",11
88.83874999999999,94,139,173,"173,139,94",1
88.92216666666666,94,139,173,"173,139,94",2
89.00558333333333,94,139,173,"173,139,94",3
89.089,94,139,173,"173,139,94",4
89.17241666666666,94,139,173,"173,139,94",5
89.25583333333333,83,128,164,"164,128,83",1
89.33924999999999,83,128,164,"164,128,83",2
89.42266666666666,83,128,164,"164,128,83",3
89.50608333333332,83,128,164,"164,128,83",4
89.58949999999999,102,153,189,"189,153,102",1
89.67291666666667,102,153,189,"189,153,102",2
89.75633333333333,102,153,189,"189,153,102",3
89.83975,83,128,164,"164,128,83",1
89.92316666666666,112,173,209,"209,173,112",1
90.00658333333332,112,173,209,"209,173,112",2
90.08999999999999,112,173,209,"209,173,112",3
90.17341666666665,112,173,209,"209,173,112",4
90.25683333333333,112,173,209,"209,173,112",5
90.34025,112,173,209,"209,173,112",6
90.42366666666666,83,128,164,"164,128,83",1
90.50708333333333,45,59,62,"62,59,45",1
90.59049999999999,83,128,164,"164,128,83",1
90.67391666666666,66,99,129,"129,99,66",1
90.75733333333332,44,66,85,"85,66,44",1
90.84075,44,66,85,"85,66,44",2
90.92416666666666,44,66,85,"85,66,44",3
91.00758333333333,45,59,62,"62,59,45",1
91.091,45,59,62,"62,59,45",2
91.17441666666666,45,59,62,"62,59,45",3
91.25783333333332,45,59,62,"62,59,45",4
91.34124999999999,45,59,62,"62,59,45",5
91.42466666666667,45,59,62,"62,59,45",6
91.50808333333333,45,59,62,"62,59,45",7
91.5915,45,59,62,"62,59,45",8
91.67491666666666,217,241,208,"208,241,217",1
91.75833333333333,217,241,208,"208,241,217",2
91.84174999999999,217,241,208,"208,241,217",3
91.92516666666666,217,241,208,"208,241,217",4
92.00858333333332,112,173,209,"209,173,112",1
92.092,83,128,164,"164,128,83",1
92.17541666666666,21,24,30,"30,24,21",1
92.25883333333333,21,24,30,"30,24,21",2
92.34224999999999,21,24,30,"30,24,21",3
92.42566666666666,172,212,210,"210,212,172",1
92.50908333333332,83,128,164,"164,128,83",1
92.59249999999999,66,99,129,"129,99,66",1
92.67591666666667,54,82,115,"115,82,54",1
92.75933333333333,54,82,115,"115,82,54",2
92.84275,44,66,85,"85,66,44",1
92.92616666666666,44,66,85,"85,66,44",2
93.00958333333332,13,13,11,"11,13,13",1
93.09299999999999,13,13,11,"11,13,13",2
93.17641666666665,13,13,11,"11,13,13",3
93.25983333333333,13,13,11,"11,13,13",4
93.34325,13,13,11,"11,13,13",5
93.42666666666666,13,13,11,"11,13,13",6
93.51008333333333,13,13,11,"11,13,13",7
93.59349999999999,13,13,11,"11,13,13",8
93.67691666666666,13,13,11,"11,13,13",9
93.76033333333332,13,13,11,"11,13,13",10
93.84375,13,13,11,"11,13,13",11
93.92716666666666,13,13,11,"11,13,13",12
94.01058333333333,21,24,30,"30,24,21",1
94.094,21,24,30,"30,24,21",2
94.17741666666666,21,24,30,"30,24,21",3
94.26083333333332,54,82,115,"115,82,54",1
94.34424999999999,54,82,115,"115,82,54",2
94.42766666666665,66,99,129,"129,99,66",1
94.51108333333333,66,99,129,"129,99,66",2
94.5945,66,99,129,"129,99,66",3
94.67791666666666,66,99,129,"129,99,66",4
94.76133333333333,66,99,129,"129,99,66",5
94.84474999999999,66,99,129,"129,99,66",6
94.92816666666666,27,38,47,"47,38,27",1
95.01158333333332,66,99,129,"129,99,66",1
95.095,66,99,129,"129,99,66",2
95.17841666666666,54,82,115,"115,82,54",1
95.26183333333333,54,82,115,"115,82,54",2
95.34525,27,38,47,"47,38,27",1
95.42866666666666,27,38,47,"47,38,27",2
95.51208333333332,27,38,47,"47,38,27",3
95.59549999999999,27,38,47,"47,38,27",4
95.67891666666667,27,38,47,"47,38,27",5
95.76233333333333,21,24,30,"30,24,21",1
95.84575,21,24,30,"30,24,21",2
95.92916666666666,21,24,30,"30,24,21",3
96.01258333333332,21,24,30,"30,24,21",4
96.09599999999999,21,24,30,"30,24,21",5
96.17941666666665,21,24,30,"30,24,21",6
96.26283333333333,21,24,30,"30,24,21",7
96.34625,21,24,30,"30,24,21",8
96.42966666666666,21,24,30,"30,24,21",9
96.51308333333333,21,24,30,"30,24,21",10
96.59649999999999,13,13,11,"11,13,13",1
96.67991666666666,13,13,11,"11,13,13",2
96.76333333333332,13,13,11,"11,13,13",3
96.84675,0,0,0,"0,0,0",1
96.93016666666666,0,0,0,"0,0,0",2
97.01358333333333,0,0,0,"0,0,0",3
97.097,0,0,0,"0,0,0",4
97.18041666666666,0,0,0,"0,0,0",5
97.26383333333332,13,13,11,"11,13,13",1
97.34724999999999,13,13,11,"11,13,13",2
97.43066666666665,71,77,63,"63,77,71",1
97.51408333333333,94,104,85,"85,104,94",1
97.5975,94,104,85,"85,104,94",2
97.68091666666666,138,153,123,"123,153,138",1
97.76433333333333,138,153,123,"123,153,138",2
97.84774999999999,138,153,123,"123,153,138",3
97.93116666666666,180,199,156,"156,199,180",1
98.01458333333332,180,199,156,"156,199,180",2
98.098,180,199,156,"156,199,180",3
98.18141666666666,180,199,156,"156,199,180",4
98.26483333333333,180,199,156,"156,199,180",5
98.34825,180,199,156,"156,199,180",6
98.43166666666666,180,199,156,"156,199,180",7
98.51508333333332,180,199,156,"156,199,180",8
98.59849999999999,94,104,85,"85,104,94",1
98.68191666666667,94,104,85,"85,104,94",2
98.76533333333333,71,77,63,"63,77,71",1
98.84875,45,59,62,"62,59,45",1
98.93216666666666,94,104,85,"85,104,94",1
99.01558333333332,94,104,85,"85,104,94",2
99.09899999999999,94,104,85,"85,104,94",3
99.18241666666665,94,104,85,"85,104,94",4
99.26583333333333,45,59,62,"62,59,45",1
99.34925,94,104,85,"85,104,94",1
99.43266666666666,94,104,85,"85,104,94",2
99.51608333333333,45,59,62,"62,59,45",1
99.59949999999999,94,104,85,"85,104,94",1
99.68291666666666,94,104,85,"85,104,94",2
99.76633333333332,45,59,62,"62,59,45",1
99.84974999999999,94,104,85,"85,104,94",1
99.93316666666666,180,199,156,"156,199,180",1
100.01658333333333,71,77,63,"63,77,71",1
100.1,71,77,63,"63,77,71",2
100.18341666666666,45,59,62,"62,59,45",1
100.26683333333332,71,77,63,"63,77,71",1
100.35024999999999,71,77,63,"63,77,71",2
100.43366666666665,71,77,63,"63,77,71",3
100.51708333333333,71,77,63,"63,77,71",4
100.6005,71,77,63,"63,77,71",5
100.68391666666666,71,77,63,"63,77,71",6
100.76733333333333,71,77,63,"63,77,71",7
100.85074999999999,71,77,63,"63,77,71",8
100.93416666666666,71,77,63,"63,77,71",9
101.01758333333332,71,77,63,"63,77,71",10
101.101,71,77,63,"63,77,71",11
101.18441666666666,71,77,63,"63,77,71",12
101.26783333333333,71,77,63,"63,77,71",13
101.35125,71,77,63,"63,77,71",14
101.43466666666666,71,77,63,"63,77,71",15
101.51808333333332,71,77,63,"63,77,71",16
101.60149999999999,71,77,63,"63,77,71",17
101.68491666666667,71,77,63,"63,77,71",18
101.76833333333333,71,77,63,"63,77,71",19
101.85175,71,77,63,"63,77,71",20
101.93516666666666,194,213,164,"164,213,194",1
102.01858333333332,194,213,164,"164,213,194",2
102.10199999999999,194,213,164,"164,213,194",3
102.18541666666665,194,213,164,"164,213,194",4
102.26883333333332,194,213,164,"164,213,194",5
102.35225,194,213,164,"164,213,194",6
102.43566666666666,194,213,164,"164,213,194",7
102.51908333333333,194,213,164,"164,213,194",8
102.60249999999999,194,213,164,"164,213,194",9
102.68591666666666,194,213,164,"164,213,194",10
102.76933333333332,194,213,164,"164,213,194",11
102.85274999999999,194,213,164,"164,213,194",12
102.93616666666667,194,213,164,"164,213,194",13
103.01958333333333,194,213,164,"164,213,194",14
103.103,194,213,164,"164,213,194",15
103.18641666666666,194,213,164,"164,213,194",16
103.26983333333332,194,213,164,"164,213,194",17
103.35324999999999,194,213,164,"164,213,194",18
103.43666666666665,194,213,164,"164,213,194",19
103.52008333333333,194,213,164,"164,213,194",20
103.6035,194,213,164,"164,213,194",21
103.68691666666666,194,213,164,"164,213,194",22
103.77033333333333,194,213,164,"164,213,194",23
103.85374999999999,194,213,164,"164,213,194",24
103.93716666666666,194,213,164,"164,213,194",25
104.02058333333332,194,213,164,"164,213,194",26
104.104,194,213,164,"164,213,194",27
104.18741666666666,194,213,164,"164,213,194",28
104.27083333333333,194,213,164,"164,213,194",29
104.35425,194,213,164,"164,213,194",30
104.43766666666666,194,213,164,"164,213,194",31
104.52108333333332,194,213,164,"164,213,194",32
104.60449999999999,194,213,164,"164,213,194",33
104.68791666666667,194,213,164,"164,213,194",34
104.77133333333333,194,213,164,"164,213,194",35
104.85475,194,213,164,"164,213,194",36
104.93816666666666,0,0,0,"0,0,0",1
105.02158333333333,0,0,0,"0,0,0",2
105.10499999999999,0,0,0,"0,0,0",3
105.18841666666665,0,0,0,"0,0,0",4
105.27183333333332,0,0,0,"0,0,0",5
105.35525,0,0,0,"0,0,0",6
105.43866666666666,0,0,0,"0,0,0",7
105.52208333333333,0,0,0,"0,0,0",8
105.60549999999999,0,0,0,"0,0,0",9
105.68891666666666,0,0,0,"0,0,0",10
105.77233333333332,0,0,0,"0,0,0",11
105.85574999999999,0,0,0,"0,0,0",12
105.93916666666667,0,0,0,"0,0,0",13
106.02258333333333,0,0,0,"0,0,0",14
106.106,0,0,0,"0,0,0",15
106.18941666666666,0,0,0,"0,0,0",16
106.27283333333332,0,0,0,"0,0,0",17
106.35624999999999,0,0,0,"0,0,0",18
106.43966666666665,0,0,0,"0,0,0",19
106.52308333333333,0,0,0,"0,0,0",20
106.6065,0,0,0,"0,0,0",21
106.68991666666666,0,0,0,"0,0,0",22
106.77333333333333,0,0,0,"0,0,0",23
106.85674999999999,0,0,0,"0,0,0",24
106.94016666666666,0,0,0,"0,0,0",25
107.02358333333332,0,0,0,"0,0,0",26
107.107,0,0,0,"0,0,0",27
107.19041666666666,0,0,0,"0,0,0",28
107.27383333333333,0,0,0,"0,0,0",29
107.35725,0,0,0,"0,0,0",30
107.44066666666666,0,0,0,"0,0,0",31
107.52408333333332,0,0,0,"0,0,0",32
107.60749999999999,0,0,0,"0,0,0",33
107.69091666666665,0,0,0,"0,0,0",34
107.77433333333333,0,0,0,"0,0,0",35
107.85775,0,0,0,"0,0,0",36
107.94116666666666,0,0,0,"0,0,0",37
108.02458333333333,0,0,0,"0,0,0",38
108.10799999999999,0,0,0,"0,0,0",39
108.19141666666665,0,0,0,"0,0,0",40
108.27483333333332,0,0,0,"0,0,0",41
108.35825,0,0,0,"0,0,0",42
108.44166666666666,0,0,0,"0,0,0",43
108.52508333333333,0,0,0,"0,0,0",44
108.60849999999999,0,0,0,"0,0,0",45
108.69191666666666,0,0,0,"0,0,0",46
108.77533333333332,0,0,0,"0,0,0",47
108.85874999999999,0,0,0,"0,0,0",48
108.94216666666667,0,0,0,"0,0,0",49
109.02558333333333,0,0,0,"0,0,0",50
109.109,0,0,0,"0,0,0",51
109.19241666666666,0,0,0,"0,0,0",52
109.27583333333332,0,0,0,"0,0,0",53
109.35924999999999,0,0,0,"0,0,0",54
109.44266666666665,0,0,0,"0,0,0",55
109.52608333333333,0,0,0,"0,0,0",56
109.6095,0,0,0,"0,0,0",57
109.69291666666666,0,0,0,"0,0,0",58
109.77633333333333,0,0,0,"0,0,0",59
109.85974999999999,0,0,0,"0,0,0",60
109.94316666666666,0,0,0,"0,0,0",61
110.02658333333332,0,0,0,"0,0,0",62
110.10999999999999,0,0,0,"0,0,0",63
110.19341666666666,0,0,0,"0,0,0",64
110.27683333333333,0,0,0,"0,0,0",65
110.36025,0,0,0,"0,0,0",66
110.44366666666666,0,0,0,"0,0,0",67
110.52708333333332,0,0,0,"0,0,0",68
110.61049999999999,0,0,0,"0,0,0",69
110.69391666666665,0,0,0,"0,0,0",70
110.77733333333333,0,0,0,"0,0,0",71
110.86075,0,0,0,"0,0,0",72
110.94416666666666,0,0,0,"0,0,0",73
111.02758333333333,0,0,0,"0,0,0",74
111.11099999999999,0,0,0,"0,0,0",75
111.19441666666665,0,0,0,"0,0,0",76
111.27783333333332,0,0,0,"0,0,0",77
111.36125,0,0,0,"0,0,0",78
111.44466666666666,0,0,0,"0,0,0",79
111.52808333333333,0,0,0,"0,0,0",80
111.61149999999999,0,0,0,"0,0,0",81
111.69491666666666,0,0,0,"0,0,0",82
111.77833333333332,0,0,0,"0,0,0",83
111.86174999999999,0,0,0,"0,0,0",84
111.94516666666667,0,0,0,"0,0,0",85
112.02858333333333,0,0,0,"0,0,0",86
112.112,0,0,0,"0,0,0",87
112.19541666666666,0,0,0,"0,0,0",88
112.27883333333332,0,0,0,"0,0,0",89
112.36224999999999,0,0,0,"0,0,0",90
112.44566666666665,0,0,0,"0,0,0",91
112.52908333333332,0,0,0,"0,0,0",92
112.6125,0,0,0,"0,0,0",93
112.69591666666666,0,0,0,"0,0,0",94
112.77933333333333,0,0,0,"0,0,0",95
112.86274999999999,0,0,0,"0,0,0",96
112.94616666666666,0,0,0,"0,0,0",97
113.02958333333332,0,0,0,"0,0,0",98
113.11299999999999,0,0,0,"0,0,0",99
113.19641666666666,0,0,0,"0,0,0",100
113.27983333333333,0,0,0,"0,0,0",101
113.36325,0,0,0,"0,0,0",102
113.44666666666666,0,0,0,"0,0,0",103
113.53008333333332,0,0,0,"0,0,0",104
113.61349999999999,0,0,0,"0,0,0",105
113.69691666666665,0,0,0,"0,0,0",106
113.78033333333333,0,0,0,"0,0,0",107
113.86375,0,0,0,"0,0,0",108
113.94716666666666,0,0,0,"0,0,0",109
114.03058333333333,0,0,0,"0,0,0",110
114.11399999999999,0,0,0,"0,0,0",111
114.19741666666665,0,0,0,"0,0,0",112
114.28083333333332,0,0,0,"0,0,0",113
114.36425,0,0,0,"0,0,0",114
114.44766666666666,0,0,0,"0,0,0",115
114.53108333333333,0,0,0,"0,0,0",116
114.61449999999999,0,0,0,"0,0,0",117
114.69791666666666,0,0,0,"0,0,0",118
114.78133333333332,0,0,0,"0,0,0",119
114.86474999999999,0,0,0,"0,0,0",120
114.94816666666667,0,0,0,"0,0,0",121
115.03158333333333,0,0,0,"0,0,0",122
115.115,0,0,0,"0,0,0",123
115.19841666666666,0,0,0,"0,0,0",124
115.28183333333332,0,0,0,"0,0,0",125
115.36524999999999,0,0,0,"0,0,0",126
115.44866666666665,0,0,0,"0,0,0",127
115.53208333333332,0,0,0,"0,0,0",128
115.6155,0,0,0,"0,0,0",129
115.69891666666666,0,0,0,"0,0,0",130
115.78233333333333,0,0,0,"0,0,0",131
115.86574999999999,0,0,0,"0,0,0",132
115.94916666666666,0,0,0,"0,0,0",133
116.03258333333332,0,0,0,"0,0,0",134
116.11599999999999,0,0,0,"0,0,0",135
116.19941666666666,0,0,0,"0,0,0",136
116.28283333333333,0,0,0,"0,0,0",137
116.36625,0,0,0,"0,0,0",138
116.44966666666666,0,0,0,"0,0,0",139
116.53308333333332,0,0,0,"0,0,0",140
116.61649999999999,0,0,0,"0,0,0",141
116.69991666666665,0,0,0,"0,0,0",142
116.78333333333333,0,0,0,"0,0,0",143
116.86675,0,0,0,"0,0,0",144
116.95016666666666,0,0,0,"0,0,0",145
117.03358333333333,0,0,0,"0,0,0",146
117.11699999999999,0,0,0,"0,0,0",147
117.20041666666665,0,0,0,"0,0,0",148
117.28383333333332,0,0,0,"0,0,0",149
117.36725,0,0,0,"0,0,0",150
117.45066666666666,0,0,0,"0,0,0",151
117.53408333333333,0,0,0,"0,0,0",152
117.61749999999999,0,0,0,"0,0,0",153
117.70091666666666,0,0,0,"0,0,0",154
117.78433333333332,0,0,0,"0,0,0",155
117.86774999999999,0,0,0,"0,0,0",156
117.95116666666665,0,0,0,"0,0,0",157
118.03458333333333,0,0,0,"0,0,0",158
118.118,0,0,0,"0,0,0",159
118.20141666666666,0,0,0,"0,0,0",160
118.28483333333332,0,0,0,"0,0,0",161
118.36824999999999,0,0,0,"0,0,0",162
118.45166666666665,0,0,0,"0,0,0",163
118.53508333333332,0,0,0,"0,0,0",164
118.6185,0,0,0,"0,0,0",165
118.70191666666666,0,0,0,"0,0,0",166
118.78533333333333,0,0,0,"0,0,0",167
118.86874999999999,0,0,0,"0,0,0",168
118.95216666666666,0,0,0,"0,0,0",169
119.03558333333332,0,0,0,"0,0,0",170
119.11899999999999,0,0,0,"0,0,0",171
119.20241666666666,0,0,0,"0,0,0",172
119.28583333333333,0,0,0,"0,0,0",173
119.36925,0,0,0,"0,0,0",174
119.45266666666666,0,0,0,"0,0,0",175
119.53608333333332,0,0,0,"0,0,0",176
119.61949999999999,0,0,0,"0,0,0",177
119.70291666666665,0,0,0,"0,0,0",178
119.78633333333333,0,0,0,"0,0,0",179
119.86975,0,0,0,"0,0,0",180
119.95316666666666,0,0,0,"0,0,0",181
120.03658333333333,0,0,0,"0,0,0",182
120.11999999999999,0,0,0,"0,0,0",183
120.20341666666666,0,0,0,"0,0,0",184
120.28683333333332,0,0,0,"0,0,0",185
120.37024999999998,0,0,0,"0,0,0",186
120.45366666666666,0,0,0,"0,0,0",187
120.53708333333333,0,0,0,"0,0,0",188
120.62049999999999,0,0,0,"0,0,0",189
120.70391666666666,0,0,0,"0,0,0",190
120.78733333333332,0,0,0,"0,0,0",191
120.87074999999999,0,0,0,"0,0,0",192
120.95416666666665,0,0,0,"0,0,0",193
121.03758333333333,0,0,0,"0,0,0",194
121.121,0,0,0,"0,0,0",195
121.20441666666666,0,0,0,"0,0,0",196
121.28783333333332,0,0,0,"0,0,0",197
121.37124999999999,0,0,0,"0,0,0",198
121.45466666666665,0,0,0,"0,0,0",199
121.53808333333332,0,0,0,"0,0,0",200
121.6215,0,0,0,"0,0,0",201
121.70491666666666,0,0,0,"0,0,0",202
121.78833333333333,0,0,0,"0,0,0",203
121.87174999999999,0,0,0,"0,0,0",204
121.95516666666666,0,0,0,"0,0,0",205
122.03858333333332,0,0,0,"0,0,0",206
122.12199999999999,0,0,0,"0,0,0",207
122.20541666666666,0,0,0,"0,0,0",208
122.28883333333333,0,0,0,"0,0,0",209
122.37225,0,0,0,"0,0,0",210
122.45566666666666,0,0,0,"0,0,0",211
122.53908333333332,0,0,0,"0,0,0",212
122.62249999999999,0,0,0,"0,0,0",213
122.70591666666665,0,0,0,"0,0,0",214
122.78933333333333,0,0,0,"0,0,0",215
122.87275,0,0,0,"0,0,0",216
122.95616666666666,0,0,0,"0,0,0",217
123.03958333333333,0,0,0,"0,0,0",218
123.12299999999999,0,0,0,"0,0,0",219
123.20641666666666,0,0,0,"0,0,0",220
123.28983333333332,0,0,0,"0,0,0",221
123.37324999999998,0,0,0,"0,0,0",222
123.45666666666666,0,0,0,"0,0,0",223
123.54008333333333,0,0,0,"0,0,0",224
123.62349999999999,0,0,0,"0,0,0",225
123.70691666666666,0,0,0,"0,0,0",226
123.79033333333332,0,0,0,"0,0,0",227
